{"cameraMode":{"drawMode":0,"name":"Shaded","section":"Shading Mode"},"sceneLighting":true,"audioPlay":false,"sceneViewState":{"showFog":true,"showMaterialUpdate":false,"showSkybox":true,"showFlares":true,"showImageEffects":true,"showParticleSystems":true},"in2DMode":false,"pivot":{"x":-1.8404748439788819,"y":1.0898094177246094,"z":-0.7223511338233948},"rotation":{"x":-0.1388067901134491,"y":-0.860430121421814,"z":0.366133451461792,"w":-0.32623156905174258},"size":20.283191680908204,"orthographic":false}