{"cameraMode":{"drawMode":0,"name":"Shaded","section":"Shading Mode"},"sceneLighting":true,"audioPlay":false,"sceneViewState":{"showFog":true,"showMaterialUpdate":false,"showSkybox":true,"showFlares":true,"showImageEffects":true,"showParticleSystems":true},"in2DMode":false,"pivot":{"x":-0.7086808085441589,"y":-0.4274330139160156,"z":1.1212444305419922},"rotation":{"x":0.11848590523004532,"y":-0.8716947436332703,"z":0.39904558658599856,"w":0.25879111886024477},"size":23.052841186523439,"orthographic":false}