{"cameraMode":{"drawMode":0,"name":"Shaded","section":"Shading Mode"},"sceneLighting":false,"audioPlay":false,"sceneViewState":{"showFog":true,"showMaterialUpdate":false,"showSkybox":false,"showFlares":true,"showImageEffects":true,"showParticleSystems":true},"in2DMode":false,"pivot":{"x":6.648801326751709,"y":0.9202702641487122,"z":1.045382022857666},"rotation":{"x":-0.06311619281768799,"y":-0.936771810054779,"z":0.252022922039032,"w":-0.23461170494556428},"size":1.2771226167678834,"orthographic":false}