{"cameraMode":{"drawMode":0,"name":"Shaded","section":"Shading Mode"},"sceneLighting":true,"audioPlay":false,"sceneViewState":{"showFog":true,"showMaterialUpdate":false,"showSkybox":true,"showFlares":true,"showImageEffects":true,"showParticleSystems":true},"in2DMode":false,"pivot":{"x":0.2208271026611328,"y":0.13176536560058595,"z":1.3086614608764649},"rotation":{"x":-0.16569042205810548,"y":0.3154185712337494,"z":-0.056032128632068637,"w":-0.9327102899551392},"size":21.895061492919923,"orthographic":false}